District_Name,Commune,historical_1980,rcp4p5_ESM1M,rcp4p5_GEM1M,rcp4p5_CM5A_LR,rcp4p5_MIROC_ESM,rcp8p5_ESM1M,rcp8p5_GEM1M,rcp8p5_CM5A_LR,rcp8p5_MIROC_ESM
Aceh,Aceh Barat,242.9016705,473.8298817,242.9016705,242.9016705,242.9016705,473.8298817,242.9016705,473.8298817,242.9016705
Aceh,Aceh Barat Daya,604.6189671,604.6189671,604.6189671,604.6189671,604.6189671,604.6189671,604.6189671,604.6189671,604.6189671
Aceh,Aceh Besar,910.5443115,966.1180134,910.5443115,910.5443115,947.7193565,966.1180134,947.7193565,947.7193565,947.7193565
Aceh,Aceh Jaya,168.3518085,474.5616665,168.3518085,168.3518085,168.3518085,474.5616665,168.3518085,474.5616665,168.3518085
Aceh,Aceh Selatan,897.0859947,897.0859947,897.0859947,897.0859947,897.0859947,897.0859947,897.0859947,897.0859947,897.0859947
Aceh,Aceh Singkil,135.5710297,135.5710297,135.5710297,192.881485,135.5710297,135.5710297,135.5710297,192.881485,135.5710297
Aceh,Aceh Tamiang,1105.764154,1105.764154,1105.764154,1105.764154,1105.764154,1105.764154,1105.764154,1126.405754,1105.764154
Aceh,Aceh Tengah,0,0,0,0,0,0,0,0,0
Aceh,Aceh Tenggara,1194.042522,1194.042522,1194.042522,1251.467155,1194.042522,1194.042522,1194.042522,1251.467155,1194.042522
Aceh,Aceh Timur,1792.987331,1792.987331,1792.987331,1792.987331,1792.987331,1792.987331,1792.987331,1820.166893,1792.987331
Aceh,Aceh Utara,842.0291424,1160.454849,880.3351765,1160.454849,842.0291424,1160.454849,1109.415268,1160.454849,842.0291424
Sumatera Barat,Agam,82.15003204,82.15003204,82.15003204,82.15003204,82.15003204,82.15003204,82.15003204,82.15003204,82.15003204
Nusa Tenggara Timur,Alor,155.0559006,155.0559006,0,155.0559006,155.0559006,155.0559006,0,155.0559006,155.0559006
Sumatera Utara,Asahan,813.2308712,813.2308712,813.2308712,1194.001804,813.2308712,1194.001804,813.2308712,1194.001804,813.2308712
Papua,Asmat,0,0,0,0,0,0,0,0,0
Bali,Badung,0,0,0,0,0,0,0,0,0
Kalimantan Selatan,Balangan,0,0,0,0,0,0,0,0,0
Jawa Barat,Bandung,2213.35537,2213.35537,2213.35537,2089.825207,0,2262.337837,2141.273621,2141.273621,0
Jawa Barat,Bandung Barat,6047.961906,6047.961906,6047.961906,6047.961906,0,6047.961906,6047.961906,6047.961906,0
Sulawesi Tengah,Banggai,0,0,0,0,0,0,0,0,0
Sulawesi Tengah,Banggai Kepulauan,0,0,0,0,0,0,0,0,0
Sulawesi Tengah,Banggai Laut,0,0,0,0,0,0,0,0,0
Kepulauan Bangka Belitung,Bangka,46.54475021,275.4541664,46.54475021,275.4541664,46.54475021,46.54475021,46.54475021,326.8016968,46.54475021
Kepulauan Bangka Belitung,Bangka Barat,0,0,0,0,0,0,0,0,0
Kepulauan Bangka Belitung,Bangka Selatan,99.72639656,469.7316036,99.72639656,512.2648144,99.72639656,99.72639656,99.72639656,512.2648144,99.72639656
Kepulauan Bangka Belitung,Bangka Tengah,0,381.965847,0,381.965847,0,0,0,381.965847,0
Jawa Timur,Bangkalan,716.2221069,716.2221069,613.1770248,856.1639252,716.2221069,716.2221069,613.1770248,1063.090897,716.2221069
Bali,Bangli,0,0,0,0,0,0,0,0,0
Kalimantan Selatan,Banjar,49.15048599,0,0,49.15048599,0,0,0,49.15048599,0
Jawa Tengah,Banjarnegara,0,0,0,0,0,0,0,0,0
Sulawesi Selatan,Bantaeng,1096.488396,1096.488396,1096.488396,1096.488396,1096.488396,1096.488396,1096.488396,1096.488396,1096.488396
Daerah Istimewa Yogyakarta,Bantul,558.1996422,558.1996422,558.1996422,853.0737305,558.1996422,853.0737305,558.1996422,853.0737305,558.1996422
Sumatera Selatan,Banyu Asin,226.7744904,204.715456,204.715456,256.0594845,226.7744904,177.8127785,177.8127785,376.8966236,226.7744904
Jawa Tengah,Banyumas,3139.31662,3139.31662,0,3139.31662,3139.31662,3139.31662,0,3139.31662,3139.31662
Jawa Timur,Banyuwangi,346.8144627,346.8144627,346.8144627,346.8144627,346.8144627,346.8144627,346.8144627,346.8144627,346.8144627
Kalimantan Selatan,Barito Kuala,922.8882599,922.8882599,922.8882599,922.8882599,922.8882599,922.8882599,922.8882599,992.3616562,922.8882599
Kalimantan Tengah,Barito Selatan,973.3421116,973.3421116,973.3421116,973.3421116,973.3421116,973.3421116,973.3421116,973.3421116,973.3421116
Kalimantan Tengah,Barito Timur,72.03126717,72.03126717,72.03126717,72.03126717,72.03126717,72.03126717,55.62598038,72.03126717,72.03126717
Kalimantan Tengah,Barito Utara,668.7641125,668.7641125,668.7641125,668.7641125,668.7641125,668.7641125,668.7641125,668.7641125,668.7641125
Sulawesi Selatan,Barru,749.133667,749.133667,749.133667,749.133667,749.133667,749.133667,749.133667,749.133667,749.133667
Jawa Tengah,Batang,2227.11063,2227.11063,0,2227.11063,2227.11063,2227.11063,0,2227.11063,2227.11063
Jambi,Batang Hari,745.2124939,745.2124939,745.2124939,745.2124939,745.2124939,745.2124939,745.2124939,802.3525162,745.2124939
Sumatera Utara,Batu Bara,1173.855406,1173.855406,1173.855406,1672.417575,1173.855406,1672.417575,1173.855406,1672.417575,1173.855406
Jawa Barat,Bekasi,7026.164036,4299.822538,4880.344721,3800.182249,2428.077442,4880.344721,4153.82733,5036.463972,1960.651947
Kepulauan Bangka Belitung,Belitung,75.07095146,75.07095146,75.07095146,75.07095146,75.07095146,75.07095146,75.07095146,75.07095146,75.07095146
Kepulauan Bangka Belitung,Belitung Timur,19.66109467,19.66109467,19.66109467,19.66109467,19.66109467,19.66109467,19.66109467,87.42512703,19.66109467
Nusa Tenggara Timur,Belu,0,0,0,0,0,0,0,0,0
Aceh,Bener Meriah,0,0,0,0,0,0,0,0,0
Riau,Bengkalis,124.3370171,0,124.3370171,278.1706123,124.3370171,124.3370171,124.3370171,278.1706123,124.3370171
Kalimantan Barat,Bengkayang,183.5136681,183.5136681,183.5136681,183.5136681,183.5136681,183.5136681,183.5136681,183.5136681,183.5136681
Bengkulu,Bengkulu Selatan,73.06129074,73.06129074,73.06129074,73.06129074,73.06129074,73.06129074,73.06129074,1123.501663,73.06129074
Bengkulu,Bengkulu Tengah,44.98757935,44.98757935,44.98757935,44.98757935,44.98757935,44.98757935,44.98757935,502.1162872,44.98757935
Bengkulu,Bengkulu Utara,206.7933807,206.7933807,206.7933807,206.7933807,206.7933807,206.7933807,206.7933807,307.0087967,206.7933807
Kalimantan Timur,Berau,982.434803,982.434803,982.434803,982.434803,982.434803,982.434803,982.434803,982.434803,982.434803
Papua,Biak Numfor,0,0,0,0,0,0,0,0,0
Nusa Tenggara Barat,Bima,56.62844086,56.62844086,0,56.62844086,56.62844086,56.62844086,56.62844086,56.62844086,56.62844086
Kepulauan Riau,Bintan,88.40768051,71.69076157,88.40768051,108.9548836,88.40768051,108.9548836,88.40768051,108.9548836,88.40768051
Aceh,Bireuen,0,3116.45574,0,3116.45574,0,3149.437365,3116.45574,3116.45574,0
Jawa Timur,Blitar,26.18426132,26.18426132,26.18426132,26.18426132,26.18426132,26.18426132,26.18426132,26.18426132,26.18426132
Jawa Tengah,Blora,448.0887661,448.0887661,428.0908756,448.0887661,448.0887661,448.0887661,428.0908756,562.2154293,448.0887661
Gorontalo,Boalemo,800.0911865,800.0911865,800.0911865,800.0911865,800.0911865,800.0911865,800.0911865,800.0911865,800.0911865
Jawa Barat,Bogor,366.71278,5762.316978,366.71278,5847.613388,0,5762.316978,366.71278,5920.965401,0
Jawa Timur,Bojonegoro,2647.897964,2744.924255,2563.126633,3051.866528,2744.924255,2896.326027,2563.126633,3191.572277,2744.924255
Sulawesi Utara,Bolaang Mongondow,296.2760239,296.2760239,296.2760239,296.2760239,296.2760239,296.2760239,296.2760239,296.2760239,296.2760239
Sulawesi Utara,Bolaang Mongondow Selatan,38.35774231,38.35774231,70.40978241,38.35774231,38.35774231,38.35774231,70.40978241,38.35774231,38.35774231
Sulawesi Utara,Bolaang Mongondow Timur,0,0,0,0,0,0,0,0,0
Sulawesi Utara,Bolaang Mongondow Utara,165.9619141,165.9619141,165.9619141,165.9619141,165.9619141,165.9619141,165.9619141,165.9619141,165.9619141
Sulawesi Tenggara,Bombana,399.6869102,399.6869102,399.6869102,399.6869102,399.6869102,399.6869102,83.59973907,399.6869102,399.6869102
Jawa Timur,Bondowoso,0,0,0,0,0,0,0,0,0
Sulawesi Selatan,Bone,1082.204689,1082.204689,1082.204689,1082.204689,1082.204689,1082.204689,1082.204689,1082.204689,1082.204689
Gorontalo,Bone Bolango,0,0,0,0,0,0,0,0,0
Papua,Boven Digoel,295.7329712,295.7329712,295.7329712,295.7329712,295.7329712,295.7329712,295.7329712,295.7329712,295.7329712
Jawa Tengah,Boyolali,0,0,0,0,0,0,0,0,0
Jawa Tengah,Brebes,7611.518034,7611.518034,771.674015,7611.518034,7611.518034,7611.518034,771.674015,7611.518034,7611.518034
Bali,Buleleng,305.7005157,305.7005157,305.7005157,305.7005157,305.7005157,305.7005157,305.7005157,305.7005157,305.7005157
Sulawesi Selatan,Bulukumba,1869.705849,1869.705849,1869.705849,1869.705849,1869.705849,1869.705849,1869.705849,1869.705849,1869.705849
Kalimantan Utara,Bulungan,420.5617828,420.5617828,420.5617828,420.5617828,0,420.5617828,420.5617828,420.5617828,420.5617828
Jambi,Bungo,167.5779972,167.5779972,167.5779972,266.4653244,167.5779972,199.121645,167.5779972,297.4895,167.5779972
Sulawesi Tengah,Buol,256.0718079,256.0718079,256.0718079,256.0718079,256.0718079,256.0718079,343.4080849,256.0718079,256.0718079
Maluku,Buru,21.57569885,21.57569885,21.57569885,21.57569885,21.57569885,21.57569885,21.57569885,21.57569885,21.57569885
Maluku,Buru Selatan,0,0,0,0,0,0,0,0,0
Sulawesi Tenggara,Buton,0,0,0,0,0,0,0,0,0
Sulawesi Tenggara,Buton Selatan,62.30361176,62.30361176,62.30361176,62.30361176,62.30361176,62.30361176,0,62.30361176,62.30361176
Sulawesi Tenggara,Buton Tengah,55.51626968,55.51626968,55.51626968,55.51626968,55.51626968,55.51626968,0,55.51626968,55.51626968
Sulawesi Tenggara,Buton Utara,104.8006287,104.8006287,104.8006287,104.8006287,104.8006287,104.8006287,104.8006287,104.8006287,104.8006287
Jawa Barat,Ciamis,1183.789436,1183.789436,0,1183.789436,1183.789436,1183.789436,0,1183.789436,1183.789436
Jawa Barat,Cianjur,11255.12987,11255.12987,8728.18084,11255.12987,2526.949032,11255.12987,8728.18084,11255.12987,2526.949032
Jawa Tengah,Cilacap,5995.378298,5995.378298,0,5995.378298,5995.378298,5995.378298,0,6104.630793,5995.378298
Jawa Barat,Cirebon,10144.46265,10144.46265,10080.51368,10144.46265,10144.46265,10144.46265,10080.51368,10208.46181,10144.46265
Sumatera Utara,Dairi,56.75573349,56.75573349,56.75573349,56.75573349,56.75573349,56.75573349,56.75573349,56.75573349,56.75573349
Sumatera Barat,Danau,0,0,0,0,0,0,0,0,0
Sumatera Selatan,Danau,0,0,0,0,0,0,0,0,0
Lampung,Danau,0,0,0,0,0,0,0,0,0
Sulawesi Utara,Danau,0,0,0,0,0,0,0,0,0
Sumatera Utara,Danau Toba,0,16.82665253,0,16.82665253,16.82665253,16.82665253,0,16.82665253,16.82665253
Papua,Deiyai,0,0,0,0,0,0,0,0,0
Sumatera Utara,Deli Serdang,4035.867979,4035.867979,4035.867979,4112.132715,4035.867979,4112.132715,4035.867979,4112.132715,4035.867979
Jawa Tengah,Demak,2993.260572,3093.395247,0,3205.504061,3048.384943,3142.84012,0,3497.102863,3048.384943
Sumatera Barat,Dharmasraya,83.54807281,83.54807281,83.54807281,83.54807281,83.54807281,83.54807281,83.54807281,83.54807281,83.54807281
Papua,Dogiyai,0,0,0,0,0,0,0,0,0
Nusa Tenggara Barat,Dompu,0,0,0,0,0,0,0,0,0
Sulawesi Tengah,Donggala,0,350.2484665,350.2484665,0,0,0,350.2484665,350.2484665,0
Sumatera Selatan,Empat Lawang,0,0,0,0,0,0,0,533.5129738,0
Nusa Tenggara Timur,Ende,0,0,0,0,0,0,0,0,0
Sulawesi Selatan,Enrekang,109.1104965,109.1104965,109.1104965,109.1104965,109.1104965,109.1104965,109.1104965,109.1104965,109.1104965
Papua Barat,Fakfak,90.55590057,90.55590057,90.55590057,90.55590057,90.55590057,90.55590057,90.55590057,90.55590057,90.55590057
Nusa Tenggara Timur,Flores Timur,31.39441872,108.7098904,0,108.7098904,108.7098904,108.7098904,0,108.7098904,31.39441872
Jawa Barat,Garut,2541.723312,2541.723312,2541.723312,2541.723312,0,2541.723312,2541.723312,2541.723312,0
Aceh,Gayo Lues,0,0,0,0,0,0,0,0,0
Bali,Gianyar,0,0,0,0,0,0,0,0,0
Gorontalo,Gorontalo,111.6442471,111.6442471,111.6442471,111.6442471,111.6442471,111.6442471,111.6442471,111.6442471,111.6442471
Gorontalo,Gorontalo Utara,656.9405975,656.9405975,656.9405975,656.9405975,656.9405975,743.2104874,743.2104874,656.9405975,656.9405975
Sulawesi Selatan,Gowa,6352.101795,6352.101795,6352.101795,6352.101795,6352.101795,6352.101795,6352.101795,6352.101795,6352.101795
Jawa Timur,Gresik,2166.591204,2067.416754,1928.914297,2337.271154,1978.447474,2221.466574,1810.88273,2496.668068,1978.447474
Jawa Tengah,Grobogan,3614.350645,3711.488672,0,3811.442621,3711.488672,3711.488672,0,3964.297651,3711.488672
Daerah Istimewa Yogyakarta,Gunung Kidul,0,0,0,0,0,0,0,0,0
Kalimantan Tengah,Gunung Mas,255.95858,255.95858,255.95858,255.95858,255.95858,255.95858,255.95858,255.95858,255.95858
Maluku Utara,Halmahera Barat,492.836319,492.836319,492.836319,492.836319,492.836319,492.836319,492.836319,492.836319,492.836319
Maluku Utara,Halmahera Selatan,248.3609734,248.3609734,248.3609734,248.3609734,248.3609734,248.3609734,248.3609734,248.3609734,248.3609734
Maluku Utara,Halmahera Tengah,0,0,0,0,0,0,0,0,0
Maluku Utara,Halmahera Timur,58.49431992,58.49431992,58.49431992,58.49431992,58.49431992,58.49431992,58.49431992,58.49431992,58.49431992
Maluku Utara,Halmahera Utara,1124.591293,1124.591293,1124.591293,1161.003265,1124.591293,1124.591293,1161.003265,1161.003265,1124.591293
Kalimantan Selatan,Hulu Sungai Selatan,391.0280685,336.6938438,297.5641594,461.6941071,336.6938438,297.5641594,260.7807846,644.9749985,336.6938438
Kalimantan Selatan,Hulu Sungai Tengah,0,0,0,29.89974594,0,0,0,29.89974594,0
Kalimantan Selatan,Hulu Sungai Utara,1295.190784,1295.190784,1295.190784,1330.61248,1295.190784,1295.190784,1194.835258,1330.61248,1295.190784
Sumatera Utara,Humbang Hasundutan,50.26898575,50.26898575,50.26898575,50.26898575,50.26898575,50.26898575,50.26898575,50.26898575,50.26898575
Jawa Tengah,Hutan,0,0,0,0,0,0,0,0,0
Riau,Indragiri Hilir,2663.54982,2235.868195,2833.322105,3504.211044,2663.54982,3079.818306,2833.322105,3756.007881,2924.704338
Riau,Indragiri Hulu,1055.792595,1055.792595,1105.260155,1213.09227,1105.260155,1151.32732,1105.260155,1213.09227,1105.260155
Jawa Barat,Indramayu,6570.439106,6570.439106,6498.466213,6733.227596,6570.439106,6608.330826,6498.466213,6854.569561,6570.439106
Papua,Intan Jaya,0,0,0,0,0,0,0,0,0
Papua,Jayapura,106.6160736,106.6160736,106.6160736,106.6160736,106.6160736,106.6160736,106.6160736,106.6160736,106.6160736
Papua,Jayawijaya,212.4833984,212.4833984,212.4833984,212.4833984,212.4833984,212.4833984,212.4833984,212.4833984,212.4833984
Jawa Timur,Jember,820.8997707,820.8997707,820.8997707,857.8323421,820.8997707,857.8323421,787.2677746,974.7427273,820.8997707
Bali,Jembrana,532.1808434,532.1808434,532.1808434,532.1808434,532.1808434,532.1808434,532.1808434,532.1808434,532.1808434
Sulawesi Selatan,Jeneponto,1856.779543,1880.949121,1856.779543,1880.949121,1880.949121,1856.779543,1880.949121,1880.949121,1880.949121
Jawa Tengah,Jepara,0,0,0,0,0,0,0,0,0
Jawa Timur,Jombang,2056.643618,2056.643618,1979.768675,2081.672327,2018.966482,2056.643618,1950.231768,2437.324856,2018.966482
Papua Barat,Kaimana,0,0,0,0,0,0,0,0,0
Riau,Kampar,2299.331232,2131.764545,2299.331232,2478.067829,2299.331232,2299.331232,2299.331232,2562.683533,2299.331232
Kalimantan Tengah,Kapuas,1000.213726,889.8151245,889.8151245,889.8151245,889.8151245,889.8151245,889.8151245,947.4105225,889.8151245
Kalimantan Barat,Kapuas Hulu,1448.230803,1448.230803,1448.230803,1448.230803,1448.230803,1404.798021,1448.230803,1479.386618,1448.230803
Bali,Karang Asem,0,0,0,0,0,0,0,0,0
Jawa Tengah,Karanganyar,0,0,0,0,0,0,0,0,0
Jawa Barat,Karawang,8000.184736,7073.205132,7178.36305,6884.81032,672.3745975,7202.861071,6934.433226,7303.255234,591.4831715
Kepulauan Riau,Karimun,0,0,0,0,0,0,0,0,0
Sumatera Utara,Karo,32.98616409,32.98616409,32.98616409,32.98616409,32.98616409,32.98616409,32.98616409,32.98616409,32.98616409
Kalimantan Tengah,Katingan,829.0418892,829.0418892,768.1805344,829.0418892,829.0418892,829.0418892,768.1805344,1113.901112,829.0418892
Bengkulu,Kaur,832.9350281,832.9350281,832.9350281,832.9350281,832.9350281,832.9350281,832.9350281,832.9350281,832.9350281
Kalimantan Barat,Kayong Utara,58.41700554,58.41700554,40.42183304,88.49250412,58.41700554,58.41700554,58.41700554,88.49250412,58.41700554
Jawa Tengah,Kebumen,2166.498526,2166.498526,0,2166.498526,2166.498526,2166.498526,0,2166.498526,2166.498526
Jawa Timur,Kediri,1051.767719,1003.030325,889.4446716,1051.767719,912.0604801,1023.688402,856.7970467,1080.689005,912.0604801
Papua,Keerom,305.5019264,305.5019264,305.5019264,305.5019264,305.5019264,305.5019264,305.5019264,305.5019264,305.5019264
Jawa Tengah,Kendal,262.3010082,262.3010082,0,262.3010082,262.3010082,262.3010082,0,262.3010082,262.3010082
Bengkulu,Kepahiang,0,0,0,0,0,0,0,0,0
Kepulauan Riau,Kepulauan Anambas,0,0,0,0,0,0,0,0,0
Maluku,Kepulauan Aru,305.1592541,305.1592541,357.4707165,305.1592541,305.1592541,305.1592541,305.1592541,357.4707165,305.1592541
Sumatera Barat,Kepulauan Mentawai,0,0,0,0,0,0,0,0,0
Riau,Kepulauan Meranti,820.4211426,820.4211426,820.4211426,865.0687981,820.4211426,820.4211426,820.4211426,865.0687981,865.0687981
Sulawesi Utara,Kepulauan Sangihe,0,0,0,0,0,0,0,0,0
Sulawesi Selatan,Kepulauan Selayar,0,0,0,0,0,0,0,0,0
Dki Jakarta,Kepulauan Seribu,0,0,0,0,0,0,0,0,0
Maluku Utara,Kepulauan Sula,54.1641922,54.1641922,54.1641922,54.1641922,54.1641922,54.1641922,54.1641922,54.1641922,54.1641922
Sulawesi Utara,Kepulauan Talaud,141.4725227,141.4725227,141.4725227,141.4725227,141.4725227,141.4725227,141.4725227,141.4725227,141.4725227
Papua,Kepulauan Yapen,98.70936584,98.70936584,98.70936584,98.70936584,98.70936584,98.70936584,98.70936584,98.70936584,98.70936584
Jambi,Kerinci,0,0,0,0,0,0,0,0,0
Kalimantan Barat,Ketapang,1583.023594,1644.369125,1471.056206,1644.369125,1583.023594,1583.023594,1583.023594,1711.15258,1583.023594
Jawa Tengah,Klaten,0,0,0,0,0,0,0,0,0
Bali,Klungkung,0,0,0,0,0,0,0,0,0
Sulawesi Tenggara,Kolaka,1154.827847,1154.827847,1154.827847,1154.827847,1154.827847,1154.827847,1154.827847,1154.827847,1154.827847
Sulawesi Tenggara,Kolaka Timur,116.5036545,116.5036545,116.5036545,116.5036545,116.5036545,116.5036545,116.5036545,116.5036545,116.5036545
Sulawesi Tenggara,Kolaka Utara,1239.822975,1239.822975,1239.822975,1239.822975,1239.822975,1239.822975,1239.822975,1239.822975,1239.822975
Sulawesi Tenggara,Konawe,999.5539894,1043.428684,999.5539894,1043.428684,999.5539894,999.5539894,999.5539894,1087.643799,1043.428684
Sulawesi Tenggara,Konawe Kepulauan,0,0,0,0,0,0,0,0,0
Sulawesi Tenggara,Konawe Selatan,555.2388659,555.2388659,555.2388659,555.2388659,555.2388659,555.2388659,527.2406435,555.2388659,555.2388659
Sulawesi Tenggara,Konawe Utara,0,0,0,0,0,0,0,0,0
Maluku,Kota Ambon,554.9285965,554.9285965,554.9285965,554.9285965,554.9285965,554.9285965,554.9285965,554.9285965,554.9285965
Kalimantan Timur,Kota Balikpapan,180.3038521,180.3038521,328.7422791,236.0274963,180.3038521,180.3038521,328.7422791,328.7422791,180.3038521
Aceh,Kota Banda Aceh,552.0168962,584.2043314,552.0168962,552.0168962,552.0168962,584.2043314,584.2043314,584.2043314,552.0168962
Lampung,Kota Bandar Lampung,56.23465347,56.23465347,56.23465347,56.23465347,56.23465347,56.23465347,56.23465347,56.23465347,56.23465347
Jawa Barat,Kota Bandung,0,0,0,0,0,0,0,0,0
Jawa Barat,Kota Banjar,756.2664814,756.2664814,0,756.2664814,756.2664814,756.2664814,0,808.3257923,756.2664814
Kalimantan Selatan,Kota Banjar Baru,0,0,0,0,0,0,0,0,0
Kalimantan Selatan,Kota Banjarmasin,183.716301,183.716301,183.716301,183.716301,183.716301,183.716301,183.716301,281.2917557,183.716301
Kalimantan Selatan,Kota Baru,380.756958,339.7774429,339.7774429,339.7774429,339.7774429,339.7774429,339.7774429,404.9185143,339.7774429
Kepulauan Riau,Kota Batam,1391.007286,135.0021973,1391.007286,1391.007286,1391.007286,1391.007286,1391.007286,1391.007286,1391.007286
Jawa Timur,Kota Batu,0,0,0,0,0,0,0,0,0
Sulawesi Tenggara,Kota Baubau,521.0534897,521.0534897,521.0534897,521.0534897,521.0534897,521.0534897,0,521.0534897,521.0534897
Jawa Barat,Kota Bekasi,0,0,0,0,0,0,0,0,0
Bengkulu,Kota Bengkulu,1168.739487,1168.739487,1168.739487,1168.739487,1168.739487,1168.739487,1168.739487,1385.241093,1168.739487
Nusa Tenggara Barat,Kota Bima,0,0,0,0,0,0,0,0,0
Sumatera Utara,Kota Binjai,501.7503357,501.7503357,501.7503357,501.7503357,501.7503357,501.7503357,501.7503357,501.7503357,501.7503357
Sulawesi Utara,Kota Bitung,529.8923454,529.8923454,529.8923454,529.8923454,529.8923454,529.8923454,529.8923454,529.8923454,529.8923454
Jawa Timur,Kota Blitar,0,0,0,0,0,0,0,0,0
Jawa Barat,Kota Bogor,0,0,0,0,0,0,0,0,0
Kalimantan Timur,Kota Bontang,262.7798195,262.7798195,262.7798195,262.7798195,262.7798195,262.7798195,262.7798195,262.7798195,262.7798195
Sumatera Barat,Kota Bukittinggi,0,0,0,0,0,0,0,0,0
Banten,Kota Cilegon,43.71626663,43.71626663,43.71626663,43.71626663,43.71626663,43.71626663,43.71626663,43.71626663,43.71626663
Jawa Barat,Kota Cimahi,0,0,0,0,0,0,0,0,0
Jawa Barat,Kota Cirebon,3226.776756,3337.303345,3226.776756,3337.303345,3226.776756,3337.303345,3226.776756,3337.303345,3226.776756
Bali,Kota Denpasar,0,0,0,0,0,0,0,0,0
Jawa Barat,Kota Depok,0,2528.676628,0,2528.676628,0,2528.676628,0,2528.676628,0
Riau,Kota Dumai,1850.711349,0,1850.711349,1850.711349,1850.711349,1850.711349,1850.711349,1850.711349,1850.711349
Gorontalo,Kota Gorontalo,324.5572662,324.5572662,324.5572662,324.5572662,324.5572662,324.5572662,324.5572662,324.5572662,324.5572662
Sumatera Utara,Kota Gunungsitoli,0,0,0,0,0,0,0,0,0
Dki Jakarta,Kota Jakarta Barat,0,26005.69807,0,26159.25562,0,26005.69807,0,26159.25562,0
Dki Jakarta,Kota Jakarta Pusat,140.2742615,5697.160126,140.2742615,5697.160126,140.2742615,5697.160126,140.2742615,5851.126663,140.2742615
Dki Jakarta,Kota Jakarta Selatan,0,6971.56736,0,6971.56736,0,6971.56736,0,6971.56736,0
Dki Jakarta,Kota Jakarta Timur,698.9670334,131.8796234,0,415.2848816,0,131.8796234,0,532.9855957,0
Dki Jakarta,Kota Jakarta Utara,5958.129478,5680.327309,2275.542183,5289.657707,1111.947121,6155.590813,1708.522285,6310.516106,717.0834656
Jambi,Kota Jambi,116.7442551,116.7442551,116.7442551,171.6624069,116.7442551,171.6624069,116.7442551,171.6624069,116.7442551
Papua,Kota Jayapura,1031.649986,1031.649986,1031.649986,1031.649986,1031.649986,1031.649986,1031.649986,1031.649986,1031.649986
Jawa Timur,Kota Kediri,619.337719,619.337719,619.337719,619.337719,619.337719,619.337719,619.337719,819.5220222,619.337719
Sulawesi Tenggara,Kota Kendari,1422.255299,1422.255299,1327.986729,1422.255299,1422.255299,1422.255299,1422.255299,1422.255299,1422.255299
Sulawesi Utara,Kota Kotamobagu,0,0,0,0,0,0,0,0,0
Nusa Tenggara Timur,Kota Kupang,0,339.5827217,0,339.5827217,339.5827217,339.5827217,0,339.5827217,0
Aceh,Kota Langsa,1188.98003,1188.98003,1188.98003,1243.164581,1188.98003,1243.164581,1243.164581,1243.164581,1188.98003
Aceh,Kota Lhokseumawe,107.2026787,358.5845737,107.2026787,358.5845737,107.2026787,358.5845737,358.5845737,358.5845737,107.2026787
Sumatera Selatan,Kota Lubuklinggau,0,0,0,0,0,0,0,0,0
Jawa Timur,Kota Madiun,478.4672108,478.4672108,478.4672108,616.9859028,478.4672108,478.4672108,478.4672108,771.9687214,478.4672108
Jawa Tengah,Kota Magelang,0,0,0,0,0,0,0,0,0
Sulawesi Selatan,Kota Makassar,12286.98439,12286.98439,12286.98439,12286.98439,12286.98439,12286.98439,12286.98439,12286.98439,12286.98439
Jawa Timur,Kota Malang,0,0,0,0,0,0,0,0,0
Sulawesi Utara,Kota Manado,1593.44511,1593.44511,1593.44511,1593.44511,1593.44511,1593.44511,1593.44511,1593.44511,1593.44511
Nusa Tenggara Barat,Kota Mataram,0,0,0,0,0,0,0,0,0
Sumatera Utara,Kota Medan,3696.992317,3696.992317,3696.992317,3864.15612,3696.992317,3864.15612,3696.992317,3864.15612,3696.992317
Lampung,Kota Metro,0,0,0,0,0,0,0,0,0
Jawa Timur,Kota Mojokerto,962.4049263,962.4049263,962.4049263,962.4049263,962.4049263,962.4049263,911.661953,1101.65749,962.4049263
Sumatera Barat,Kota Padang,7803.818926,7803.818926,7803.818926,7803.818926,7803.818926,7803.818926,7803.818926,7803.818926,7803.818926
Sumatera Barat,Kota Padang Panjang,0,0,0,0,0,0,0,0,0
Sumatera Utara,Kota Padangsidimpuan,0,0,0,0,0,0,0,0,0
Sumatera Selatan,Kota Pagar Alam,0,0,0,0,0,0,0,0,0
Kalimantan Tengah,Kota Palangka Raya,504.0500298,504.0500298,450.2000141,504.0500298,504.0500298,455.2108784,450.2000141,527.5410194,504.0500298
Sumatera Selatan,Kota Palembang,2859.086466,2738.958452,2738.958452,3772.107721,2859.086466,2738.958452,2875.378664,5814.227394,2859.086466
Sulawesi Selatan,Kota Palopo,383.8034897,451.2277222,451.2277222,451.2277222,383.8034897,383.8034897,451.2277222,451.2277222,383.8034897
Sulawesi Tengah,Kota Palu,267.8485489,267.8485489,267.8485489,267.8485489,267.8485489,267.8485489,267.8485489,267.8485489,267.8485489
Kepulauan Bangka Belitung,Kota Pangkal Pinang,0,255.5418434,0,346.4834671,0,0,0,346.4834671,0
Sulawesi Selatan,Kota Parepare,246.9939499,246.9939499,246.9939499,246.9939499,246.9939499,246.9939499,246.9939499,246.9939499,246.9939499
Sumatera Barat,Kota Pariaman,631.7025318,631.7025318,631.7025318,631.7025318,631.7025318,631.7025318,631.7025318,631.7025318,631.7025318
Jawa Timur,Kota Pasuruan,0,0,0,0,0,0,0,0,0
Sumatera Barat,Kota Payakumbuh,55.15968895,55.15968895,55.15968895,55.15968895,55.15968895,55.15968895,55.15968895,55.15968895,55.15968895
Jawa Tengah,Kota Pekalongan,2053.149235,2053.149235,0,2053.149235,2053.149235,2053.149235,0,2053.149235,2053.149235
Riau,Kota Pekanbaru,186.7426834,143.727108,186.7426834,2924.649878,186.7426834,186.7426834,186.7426834,2924.649878,186.7426834
Sumatera Utara,Kota Pematang Siantar,0,0,0,0,0,0,0,0,0
Kalimantan Barat,Kota Pontianak,1619.197067,1619.197067,1374.770988,1786.952389,1619.197067,1552.324715,1619.197067,1970.712685,1619.197067
Sumatera Selatan,Kota Prabumulih,0,0,0,0,0,0,0,0,0
Jawa Timur,Kota Probolinggo,0,0,0,0,0,0,0,0,0
Aceh,Kota Sabang,0,0,0,0,0,0,0,0,0
Jawa Tengah,Kota Salatiga,0,0,0,0,0,0,0,0,0
Kalimantan Timur,Kota Samarinda,547.5689468,547.5689468,583.6320305,583.6320305,547.5689468,510.4228287,707.7475853,583.6320305,547.5689468
Sumatera Barat,Kota Sawah Lunto,0,0,0,0,0,0,0,0,0
Jawa Tengah,Kota Semarang,583.4407654,583.4407654,0,583.4407654,583.4407654,583.4407654,0,583.4407654,583.4407654
Banten,Kota Serang,0,0,0,0,0,0,0,37.15358734,0
Sumatera Utara,Kota Sibolga,0,0,0,0,0,0,0,0,0
Kalimantan Barat,Kota Singkawang,137.8377266,137.8377266,137.8377266,137.8377266,137.8377266,137.8377266,137.8377266,137.8377266,137.8377266
Sumatera Barat,Kota Solok,0,0,0,0,0,0,0,0,0
Papua Barat,Kota Sorong,1454.089497,1454.089497,1454.089497,1454.089497,1454.089497,1454.089497,1454.089497,1454.089497,1454.089497
Aceh,Kota Subulussalam,0,0,0,0,0,0,0,0,0
Jawa Barat,Kota Sukabumi,0,0,0,0,0,0,0,0,0
Jambi,Kota Sungai Penuh,0,0,0,0,0,0,0,0,0
Jawa Timur,Kota Surabaya,2922.861725,2907.695572,2823.987785,3258.008667,2823.987785,3068.949181,2823.987785,3562.120232,2823.987785
Jawa Tengah,Kota Surakarta,0,0,0,0,0,0,0,0,0
Banten,Kota Tangerang,0,14377.80606,0,14712.85406,0,14377.80606,0,15021.88795,0
Banten,Kota Tangerang Selatan,0,1177.816486,0,1177.816486,0,1177.816486,0,1290.962826,0
Sumatera Utara,Kota Tanjung Balai,314.0886383,314.0886383,229.4633942,423.5989532,314.0886383,423.5989532,314.0886383,423.5989532,314.0886383
Kepulauan Riau,Kota Tanjung Pinang,143.5817928,143.5817928,143.5817928,143.5817928,143.5817928,143.5817928,143.5817928,143.5817928,143.5817928
Kalimantan Utara,Kota Tarakan,112.6868019,112.6868019,112.6868019,112.6868019,0,112.6868019,112.6868019,112.6868019,112.6868019
Jawa Barat,Kota Tasikmalaya,0,0,0,0,0,0,0,0,0
Sumatera Utara,Kota Tebing Tinggi,0,0,0,0,0,0,0,0,0
Jawa Tengah,Kota Tegal,2008.756519,2008.756519,0,2008.756519,2008.756519,2008.756519,0,2008.756519,2008.756519
Maluku Utara,Kota Ternate,762.6163788,762.6163788,762.6163788,762.6163788,762.6163788,762.6163788,762.6163788,762.6163788,762.6163788
Maluku Utara,Kota Tidore Kepulauan,30.87234497,30.87234497,30.87234497,30.87234497,30.87234497,30.87234497,30.87234497,30.87234497,30.87234497
Sulawesi Utara,Kota Tomohon,0,0,0,0,0,0,0,0,0
Maluku,Kota Tual,169.0072975,169.0072975,169.0072975,169.0072975,169.0072975,169.0072975,169.0072975,169.0072975,169.0072975
Daerah Istimewa Yogyakarta,Kota Yogyakarta,0,0,0,0,0,0,0,0,0
Kalimantan Tengah,Kotawaringin Barat,491.8639126,491.8639126,491.8639126,516.2832127,491.8639126,491.8639126,491.8639126,568.6990433,491.8639126
Kalimantan Tengah,Kotawaringin Timur,1642.058174,1642.058174,1580.435184,1766.123993,1642.058174,1580.435184,1580.435184,1827.300686,1642.058174
Riau,Kuantan Singingi,555.9196596,555.9196596,555.9196596,605.8903494,555.9196596,555.9196596,555.9196596,620.0009928,555.9196596
Kalimantan Barat,Kubu Raya,3335.098469,3460.977688,3053.682133,3697.31131,3335.098469,3244.289776,3335.098469,3937.955696,3335.098469
Jawa Tengah,Kudus,1371.20447,1371.20447,0,1419.628202,1371.20447,1371.20447,0,1550.422258,1371.20447
Daerah Istimewa Yogyakarta,Kulon Progo,0,0,0,1563.042393,0,1563.042393,0,1563.042393,0
Jawa Barat,Kuningan,0,0,0,0,0,0,0,0,0
Nusa Tenggara Timur,Kupang,68.76152229,1514.114592,0,1514.114592,1514.114592,1514.114592,0,1514.114592,68.76152229
Kalimantan Timur,Kutai Barat,226.3537884,226.3537884,247.6311817,247.6311817,226.3537884,226.3537884,247.6311817,247.6311817,226.3537884
Kalimantan Timur,Kutai Kartanegara,1002.893013,1002.893013,1202.449297,1070.756662,1002.893013,956.0563469,1266.456026,1266.456026,1002.893013
Kalimantan Timur,Kutai Timur,869.9026222,869.9026222,931.7468987,931.7468987,869.9026222,869.9026222,931.7468987,931.7468987,869.9026222
Sumatera Utara,Labuhan Batu,839.6648159,803.4528713,839.6648159,950.808794,877.4211521,950.808794,839.6648159,950.808794,916.2051983
Sumatera Utara,Labuhan Batu Selatan,244.8847961,206.0775146,244.8847961,338.9736023,244.8847961,310.5170593,244.8847961,310.5170593,244.8847961
Sumatera Utara,Labuhan Batu Utara,274.6230125,274.6230125,220.4275017,354.9290199,274.6230125,274.6230125,274.6230125,354.9290199,274.6230125
Sumatera Selatan,Lahat,33.42578888,33.42578888,33.42578888,33.42578888,33.42578888,33.42578888,33.42578888,33.42578888,33.42578888
Kalimantan Tengah,Lamandau,391.7943726,425.5530853,391.7943726,425.5530853,391.7943726,425.5530853,391.7943726,425.5530853,391.7943726
Jawa Timur,Lamongan,3981.185881,3981.185881,3664.127506,4175.561491,3981.185881,4065.013468,3664.127506,4392.708895,3981.185881
Lampung,Lampung Barat,0,0,0,0,0,0,0,0,0
Lampung,Lampung Selatan,182.3514309,182.3514309,182.3514309,245.3514538,182.3514309,182.3514309,182.3514309,284.4195576,182.3514309
Lampung,Lampung Tengah,232.1301422,232.1301422,232.1301422,318.1707592,232.1301422,232.1301422,232.1301422,352.2850647,232.1301422
Lampung,Lampung Timur,2093.91385,2110.752824,2071.670388,2263.790343,2093.91385,2110.752824,2071.670388,2338.724029,2110.752824
Lampung,Lampung Utara,43.70987701,43.70987701,43.70987701,43.70987701,43.70987701,43.70987701,43.70987701,43.70987701,43.70987701
Kalimantan Barat,Landak,1132.906982,1132.906982,1132.906982,1132.906982,1132.906982,1132.906982,1132.906982,1132.906982,1132.906982
Sumatera Utara,Langkat,3030.510302,3198.108459,3030.510302,3390.065619,3030.510302,3323.539404,3124.222115,3323.539404,3030.510302
Papua,Lanny Jaya,0,0,0,0,0,0,0,0,0
Banten,Lebak,775.8538971,1028.146042,775.8538971,1028.146042,775.8538971,1028.146042,775.8538971,1307.450584,775.8538971
Bengkulu,Lebong,0,0,0,0,0,0,0,0,0
Nusa Tenggara Timur,Lembata,260.3202705,260.3202705,0,260.3202705,260.3202705,260.3202705,0,260.3202705,260.3202705
Sumatera Barat,Lima Puluh Kota,344.5377445,344.5377445,344.5377445,375.2198439,344.5377445,344.5377445,344.5377445,375.2198439,344.5377445
Kepulauan Riau,Lingga,0,0,0,0,0,0,0,0,0
Nusa Tenggara Barat,Lombok Barat,0,0,0,0,0,0,0,0,0
Nusa Tenggara Barat,Lombok Tengah,0,0,0,0,0,0,0,0,0
Nusa Tenggara Barat,Lombok Timur,0,0,0,0,0,0,0,0,0
Nusa Tenggara Barat,Lombok Utara,0,0,0,0,0,0,0,0,0
Jawa Timur,Lumajang,738.018034,767.7364502,698.4109669,767.7364502,738.018034,767.7364502,698.4109669,795.2744579,738.018034
Sulawesi Selatan,Luwu,2313.917671,2313.917671,2313.917671,2313.917671,2313.917671,2313.917671,2313.917671,2313.917671,2313.917671
Sulawesi Selatan,Luwu Timur,190.0244198,190.0244198,190.0244198,190.0244198,190.0244198,190.0244198,190.0244198,207.8932171,190.0244198
Sulawesi Selatan,Luwu Utara,285.6015358,285.6015358,285.6015358,285.6015358,285.6015358,285.6015358,285.6015358,481.0537071,285.6015358
Jawa Timur,Madiun,777.2699547,777.2699547,734.1614666,853.6467228,777.2699547,853.6467228,734.1614666,907.1169033,777.2699547
Jawa Tengah,Magelang,0,0,0,94.19010162,0,94.19010162,0,94.19010162,0
Jawa Timur,Magetan,57.78907967,57.78907967,57.78907967,83.15904427,57.78907967,57.78907967,57.78907967,83.15904427,57.78907967
Kalimantan Timur,Mahakam Hulu,125.4207611,125.4207611,125.4207611,125.4207611,125.4207611,125.4207611,168.0390816,168.0390816,125.4207611
Jawa Barat,Majalengka,1243.43829,1243.43829,1243.43829,1277.71936,1243.43829,1277.71936,1243.43829,1408.658901,1243.43829
Sulawesi Barat,Majene,449.538353,449.538353,449.538353,449.538353,449.538353,449.538353,449.538353,449.538353,449.538353
Nusa Tenggara Timur,Malaka,1552.476738,1552.476738,0,1552.476738,1552.476738,1552.476738,0,1552.476738,1552.476738
Jawa Timur,Malang,0,0,0,0,0,0,0,0,0
Kalimantan Utara,Malinau,429.887228,429.887228,429.887228,438.6789284,429.887228,429.887228,438.6789284,463.2088995,429.887228
Maluku,Maluku Barat Daya,40.73468781,40.73468781,40.73468781,40.73468781,40.73468781,40.73468781,40.73468781,40.73468781,40.73468781
Maluku,Maluku Tengah,246.9464951,246.9464951,246.9464951,246.9464951,246.9464951,246.9464951,246.9464951,246.9464951,246.9464951
Maluku,Maluku Tenggara,27.55613899,27.55613899,27.55613899,27.55613899,27.55613899,27.55613899,27.55613899,27.55613899,27.55613899
Maluku,Maluku Tenggara Barat,117.0144196,117.0144196,117.0144196,117.0144196,117.0144196,117.0144196,117.0144196,117.0144196,117.0144196
Sulawesi Barat,Mamasa,0,69.75704193,69.75704193,69.75704193,0,69.75704193,69.75704193,69.75704193,0
Papua,Mamberamo Raya,39.11696243,39.11696243,39.11696243,39.11696243,39.11696243,39.11696243,39.11696243,39.11696243,39.11696243
Papua,Mamberamo Tengah,0,0,0,0,0,0,0,0,0
Sulawesi Barat,Mamuju,464.3552246,1326.030834,1326.030834,1326.030834,464.3552246,1326.030834,1326.030834,1326.030834,464.3552246
Sulawesi Barat,Mamuju Tengah,54.14444733,265.2326889,265.2326889,176.1134491,54.14444733,176.1134491,265.2326889,265.2326889,54.14444733
Sulawesi Barat,Mamuju Utara,0,722.8256454,722.8256454,0,0,0,722.8256454,722.8256454,0
Sumatera Utara,Mandailing Natal,2020.707134,2020.707134,2020.707134,2020.707134,2020.707134,2020.707134,2020.707134,2020.707134,2020.707134
Nusa Tenggara Timur,Manggarai,70.90438843,70.90438843,0,70.90438843,70.90438843,70.90438843,70.90438843,70.90438843,70.90438843
Nusa Tenggara Timur,Manggarai Barat,562.6833725,562.6833725,0,562.6833725,562.6833725,562.6833725,562.6833725,562.6833725,562.6833725
Nusa Tenggara Timur,Manggarai Timur,0,0,0,0,0,0,0,0,0
Papua Barat,Manokwari,0,0,0,0,0,0,0,0,0
Papua Barat,Manokwari Selatan,0,0,0,0,0,0,0,0,0
Papua,Mappi,697.0214844,697.0214844,697.0214844,697.0214844,697.0214844,697.0214844,697.0214844,697.0214844,697.0214844
Sulawesi Selatan,Maros,2440.777054,2440.777054,2440.777054,2440.777054,2440.777054,2440.777054,2440.777054,2440.777054,2440.777054
Papua Barat,Maybrat,0,0,0,0,0,0,0,0,0
Kalimantan Barat,Melawi,1236.753212,1236.753212,1236.753212,1236.753212,1236.753212,1236.753212,1236.753212,1336.708122,1236.753212
Kalimantan Barat,Mempawah,1240.32806,1240.32806,1240.32806,1240.32806,1240.32806,1189.39109,1240.32806,1240.32806,1240.32806
Jambi,Merangin,306.057827,306.057827,306.057827,306.057827,306.057827,306.057827,306.057827,306.057827,306.057827
Papua,Merauke,1766.663307,1766.663307,1766.663307,1766.663307,1766.663307,1766.663307,1766.663307,1766.663307,1766.663307
Lampung,Mesuji,107.122612,107.122612,107.122612,107.122612,107.122612,107.122612,107.122612,157.7086525,107.122612
Papua,Mimika,1257.684494,1257.684494,1257.684494,1257.684494,1257.684494,1257.684494,1257.684494,1257.684494,1257.684494
Sulawesi Utara,Minahasa,129.7948685,129.7948685,129.7948685,129.7948685,129.7948685,129.7948685,129.7948685,129.7948685,129.7948685
Sulawesi Utara,Minahasa Selatan,350.2959061,350.2959061,350.2959061,350.2959061,350.2959061,350.2959061,350.2959061,350.2959061,350.2959061
Sulawesi Utara,Minahasa Tenggara,75.91703033,75.91703033,75.91703033,75.91703033,75.91703033,75.91703033,75.91703033,75.91703033,75.91703033
Sulawesi Utara,Minahasa Utara,194.6969337,194.6969337,194.6969337,194.6969337,194.6969337,194.6969337,194.6969337,194.6969337,194.6969337
Jawa Timur,Mojokerto,2342.948151,2208.295742,2190.313833,2342.948151,2190.313833,2267.537224,2190.313833,2615.046066,2190.313833
Sulawesi Tengah,Morowali,285.3011055,285.3011055,285.3011055,285.3011055,285.3011055,285.3011055,285.3011055,285.3011055,285.3011055
Sulawesi Tengah,Morowali Utara,502.9776134,502.9776134,502.9776134,502.9776134,502.9776134,502.9776134,502.9776134,502.9776134,502.9776134
Sumatera Selatan,Muara Enim,984.4898949,984.4898949,942.4514275,984.4898949,984.4898949,984.4898949,942.4514275,984.4898949,984.4898949
Jambi,Muaro Jambi,636.6825485,636.6825485,680.4706955,680.4706955,680.4706955,680.4706955,680.4706955,740.4173546,680.4706955
Bengkulu,Mukomuko,780.4429321,780.4429321,780.4429321,780.4429321,780.4429321,780.4429321,780.4429321,780.4429321,780.4429321
Sulawesi Tenggara,Muna,0,0,0,0,0,0,0,0,0
Sulawesi Tenggara,Muna Barat,0,0,0,0,0,0,0,0,0
Kalimantan Tengah,Murung Raya,802.4002686,802.4002686,802.4002686,802.4002686,802.4002686,722.3219223,802.4002686,802.4002686,802.4002686
Sumatera Selatan,Musi Banyuasin,1371.125351,1371.125351,1371.125351,1546.647202,1371.125351,1414.80872,1371.125351,1582.274559,1371.125351
Sumatera Selatan,Musi Rawas,617.4728012,617.4728012,489.8047562,721.8425751,617.4728012,617.4728012,617.4728012,820.7001343,617.4728012
Sumatera Selatan,Musi Rawas Utara,541.8468857,541.8468857,541.8468857,619.3369751,541.8468857,541.8468857,541.8468857,619.3369751,541.8468857
Papua,Nabire,722.856596,761.7986708,761.7986708,761.7986708,722.856596,761.7986708,761.7986708,761.7986708,722.856596
Aceh,Nagan Raya,472.6526928,472.6526928,472.6526928,472.6526928,472.6526928,472.6526928,472.6526928,472.6526928,472.6526928
Nusa Tenggara Timur,Nagekeo,0,0,0,0,0,0,0,0,0
Kepulauan Riau,Natuna,13.45168495,13.45168495,13.45168495,13.45168495,13.45168495,13.45168495,13.45168495,13.45168495,13.45168495
Papua,Nduga,0,0,0,0,0,0,0,0,0
Nusa Tenggara Timur,Ngada,0,0,0,0,0,0,0,0,0
Jawa Timur,Nganjuk,2098.160633,2030.159952,1974.780834,2098.160633,1974.780834,2030.159952,1948.823502,2352.876322,1974.780834
Jawa Timur,Ngawi,1038.550785,1038.550785,918.2564583,1353.270477,1038.550785,1196.221096,918.2564583,1353.270477,1038.550785
Sumatera Utara,Nias,0,0,0,0,0,0,0,0,0
Sumatera Utara,Nias Barat,0,0,0,0,0,0,0,0,0
Sumatera Utara,Nias Selatan,0,0,0,0,0,0,0,0,0
Sumatera Utara,Nias Utara,0,140.4531097,0,140.4531097,0,140.4531097,0,140.4531097,0
Kalimantan Utara,Nunukan,281.8187981,281.8187981,281.8187981,281.8187981,281.8187981,281.8187981,281.8187981,349.9057579,281.8187981
Sumatera Selatan,Ogan Ilir,1307.539473,1307.539473,1307.539473,1544.646009,1307.539473,1307.539473,1307.539473,1729.043592,1307.539473
Sumatera Selatan,Ogan Komering Ilir,2121.642345,2446.012074,2121.642345,2588.972084,2121.642345,2121.642345,2077.538162,2778.54512,2121.642345
Sumatera Selatan,Ogan Komering Ulu,939.1772461,939.1772461,939.1772461,964.2853527,939.1772461,939.1772461,939.1772461,1023.625294,939.1772461
Sumatera Selatan,Ogan Komering Ulu Selatan,445.0845261,445.0845261,445.0845261,445.0845261,445.0845261,445.0845261,445.0845261,445.0845261,445.0845261
Sumatera Selatan,Ogan Komering Ulu Timur,914.4603825,914.4603825,914.4603825,990.737627,914.4603825,914.4603825,914.4603825,1021.681166,914.4603825
Jawa Timur,Pacitan,2085.999756,2085.999756,2085.999756,2085.999756,2085.999756,2085.999756,2085.999756,2085.999756,2085.999756
Sumatera Utara,Padang Lawas,104.3634243,104.3634243,104.3634243,104.3634243,104.3634243,104.3634243,104.3634243,104.3634243,104.3634243
Sumatera Utara,Padang Lawas Utara,0,0,0,0,0,0,0,0,0
Sumatera Barat,Padang Pariaman,2283.975348,2283.975348,2283.975348,2283.975348,2283.975348,2283.975348,2283.975348,2283.975348,2283.975348
Sumatera Utara,Pakpak Bharat,0,0,0,0,0,0,0,0,0
Jawa Timur,Pamekasan,0,0,0,0,0,0,0,0,0
Banten,Pandeglang,0,0,0,0,0,0,0,0,0
Jawa Barat,Pangandaran,1393.604092,1393.604092,0,1393.604092,1393.604092,1393.604092,0,1435.534248,1393.604092
Sulawesi Selatan,Pangkajene Dan Kepulauan,2044.463547,2044.463547,2044.463547,2044.463547,2044.463547,2044.463547,2044.463547,2044.463547,2044.463547
Papua,Paniai,0,0,0,0,0,0,0,0,0
Sulawesi Tengah,Parigi Moutong,541.5401573,1167.938801,1167.938801,541.5401573,541.5401573,541.5401573,1167.938801,1167.938801,541.5401573
Sumatera Barat,Pasaman,75.17978287,75.17978287,75.17978287,75.17978287,75.17978287,75.17978287,75.17978287,75.17978287,75.17978287
Sumatera Barat,Pasaman Barat,468.4615326,468.4615326,468.4615326,468.4615326,468.4615326,468.4615326,468.4615326,468.4615326,468.4615326
Kalimantan Timur,Paser,351.8989334,351.8989334,351.8989334,351.8989334,351.8989334,351.8989334,351.8989334,385.0342445,351.8989334
Jawa Timur,Pasuruan,311.1569405,262.1825409,262.1825409,311.1569405,262.1825409,311.1569405,214.7775307,451.1328354,262.1825409
Jawa Tengah,Pati,4845.640448,4845.640448,174.3988781,4873.023918,4845.640448,4873.023918,174.3988781,4873.023918,4845.640448
Papua Barat,Pegunungan Arfak,0,0,0,0,0,0,0,0,0
Papua,Pegunungan Bintang,2391.659073,2391.659073,2391.659073,2391.659073,2391.659073,2391.659073,2391.659073,2391.659073,2391.659073
Jawa Tengah,Pekalongan,5626.63213,5626.63213,0,5626.63213,5626.63213,5626.63213,0,5626.63213,5626.63213
Riau,Pelalawan,133.4429016,133.4429016,133.4429016,305.96064,133.4429016,133.4429016,133.4429016,305.96064,305.96064
Jawa Tengah,Pemalang,7747.731007,7747.731007,0,7747.731007,7747.731007,7747.731007,0,7747.731007,7747.731007
Kalimantan Timur,Penajam Paser Utara,182.2747726,182.2747726,228.7657242,182.2747726,182.2747726,182.2747726,182.2747726,228.7657242,182.2747726
Sumatera Selatan,Penukal Abab Lematang Ilir,37.55323792,37.55323792,37.55323792,37.55323792,37.55323792,37.55323792,37.55323792,37.55323792,37.55323792
Lampung,Pesawaran,156.5548458,156.5548458,156.5548458,156.5548458,156.5548458,156.5548458,156.5548458,156.5548458,156.5548458
Lampung,Pesisir Barat,563.7562218,563.7562218,563.7562218,563.7562218,563.7562218,563.7562218,563.7562218,563.7562218,563.7562218
Sumatera Barat,Pesisir Selatan,1917.218575,1917.218575,1837.64565,1917.218575,1917.218575,1917.218575,1865.085435,1917.218575,1917.218575
Aceh,Pidie,330.3709221,2880.321758,330.3709221,330.3709221,330.3709221,2880.321758,330.3709221,2880.321758,330.3709221
Aceh,Pidie Jaya,0,1056.010422,0,600.6749878,0,1056.010422,600.6749878,1056.010422,0
Sulawesi Selatan,Pinrang,2800.999912,2800.999912,2800.999912,2800.999912,2800.999912,2800.999912,2800.999912,2838.642639,2800.999912
Gorontalo,Pohuwato,0,0,0,0,0,0,0,0,0
Sulawesi Barat,Polewali Mandar,1271.877743,1271.877743,1271.877743,1271.877743,1271.877743,1271.877743,1271.877743,1271.877743,1271.877743
Jawa Timur,Ponorogo,240.5458012,273.4756527,218.4427948,293.6367054,273.4756527,293.6367054,218.4427948,293.6367054,273.4756527
Sulawesi Tengah,Poso,35.97449493,2044.052818,2044.052818,35.97449493,35.97449493,35.97449493,2044.052818,2044.052818,35.97449493
Lampung,Pringsewu,108.0913677,108.0913677,108.0913677,138.9432888,108.0913677,108.0913677,108.0913677,138.9432888,108.0913677
Jawa Timur,Probolinggo,0,0,0,0,0,0,0,0,0
Kalimantan Tengah,Pulang Pisau,490.6412277,490.6412277,490.6412277,490.6412277,490.6412277,490.6412277,490.6412277,490.6412277,490.6412277
Maluku Utara,Pulau Morotai,325.1721764,325.1721764,325.1721764,325.1721764,325.1721764,325.1721764,325.1721764,325.1721764,325.1721764
Maluku Utara,Pulau Taliabu,0,0,0,0,0,0,0,0,0
Papua,Puncak,0,0,0,0,0,0,0,0,0
Papua,Puncak Jaya,447.3804321,447.3804321,447.3804321,447.3804321,447.3804321,447.3804321,447.3804321,447.3804321,447.3804321
Jawa Tengah,Purbalingga,1624.987373,1658.713711,0,1658.713711,1624.987373,1658.713711,0,1658.713711,1658.713711
Jawa Barat,Purwakarta,9153.153627,9153.153627,9153.153627,9153.153627,0,9153.153627,9153.153627,9153.153627,0
Jawa Tengah,Purworejo,0,0,0,5147.088795,0,5147.088795,0,5147.088795,0
Papua Barat,Raja Ampat,85.48612499,85.48612499,85.48612499,85.48612499,85.48612499,85.48612499,85.48612499,85.48612499,85.48612499
Bengkulu,Rejang Lebong,0,0,0,0,0,0,0,0,0
Jawa Tengah,Rembang,2158.769886,2158.769886,2158.769886,2158.769886,2158.769886,2158.769886,2158.769886,2158.769886,2158.769886
Riau,Rokan Hilir,927.5046272,565.5613289,562.9894524,927.5046272,927.5046272,879.1533318,927.5046272,927.5046272,927.5046272
Riau,Rokan Hulu,690.0863228,533.9713631,690.0863228,690.0863228,690.0863228,690.0863228,690.0863228,690.0863228,690.0863228
Nusa Tenggara Timur,Rote Ndao,0,41.91012955,0,41.91012955,41.91012955,41.91012955,0,41.91012955,0
Nusa Tenggara Timur,Sabu Raijua,0,0,0,0,0,0,0,0,0
Kalimantan Barat,Sambas,1301.082989,1264.525356,1301.082989,1428.582836,1301.082989,1179.961361,1301.082989,1337.795929,1301.082989
Sumatera Utara,Samosir,0,167.6482239,0,167.6482239,167.6482239,167.6482239,0,167.6482239,167.6482239
Jawa Timur,Sampang,430.929512,430.929512,430.929512,430.929512,430.929512,430.929512,430.929512,430.929512,430.929512
Kalimantan Barat,Sanggau,1082.452507,1082.452507,1082.452507,1082.452507,1082.452507,1082.452507,1082.452507,1082.452507,1082.452507
Papua,Sarmi,46.72701645,129.7315559,46.72701645,46.72701645,46.72701645,46.72701645,46.72701645,129.7315559,46.72701645
Jambi,Sarolangun,660.9319725,704.5836449,704.5836449,812.7507286,660.9319725,770.1001396,704.5836449,859.1885567,704.5836449
Kalimantan Barat,Sekadau,533.9494457,609.130722,609.130722,655.7242699,533.9494457,449.9418583,609.130722,728.4546089,609.130722
Bengkulu,Seluma,0,0,0,0,0,0,0,2249.835014,0
Jawa Tengah,Semarang,0,0,0,0,0,0,0,0,0
Maluku,Seram Bagian Barat,248.4585381,248.4585381,248.4585381,248.4585381,248.4585381,248.4585381,248.4585381,248.4585381,248.4585381
Maluku,Seram Bagian Timur,33.17241478,33.17241478,33.17241478,33.17241478,33.17241478,33.17241478,33.17241478,33.17241478,33.17241478
Banten,Serang,332.0671921,3360.304203,332.0671921,3809.580353,332.0671921,3360.304203,332.0671921,4174.500923,332.0671921
Sumatera Utara,Serdang Bedagai,1931.042377,1931.042377,1931.042377,1955.80113,1931.042377,1931.042377,1931.042377,1955.80113,1931.042377
Kalimantan Tengah,Seruyan,369.8191605,369.8191605,369.8191605,369.8191605,369.8191605,369.8191605,369.8191605,369.8191605,369.8191605
Riau,Siak,703.2396698,703.2396698,703.2396698,1509.751827,703.2396698,703.2396698,703.2396698,1509.751827,748.2880058
Sulawesi Utara,Siau Tagulandang Biaro,0,0,0,0,0,0,0,0,0
Sulawesi Selatan,Sidenreng Rappang,2363.139818,2363.139818,2363.139818,2363.139818,2363.139818,2363.139818,2363.139818,2363.139818,2363.139818
Jawa Timur,Sidoarjo,18038.52553,17782.52802,17498.02979,18070.92838,17587.91066,17975.79706,17244.25318,18727.47833,17587.91066
Sulawesi Tengah,Sigi,205.5183372,428.6653404,428.6653404,205.5183372,205.5183372,205.5183372,428.6653404,428.6653404,205.5183372
Sumatera Barat,Sijunjung,501.0455875,501.0455875,501.0455875,501.0455875,501.0455875,501.0455875,501.0455875,501.0455875,501.0455875
Nusa Tenggara Timur,Sikka,0,0,0,0,0,0,0,0,0
Sumatera Utara,Simalungun,39.94803238,39.94803238,39.94803238,39.94803238,39.94803238,39.94803238,39.94803238,39.94803238,39.94803238
Aceh,Simeulue,36.18900299,66.82693291,36.18900299,66.82693291,36.18900299,66.82693291,36.18900299,66.82693291,36.18900299
Sulawesi Selatan,Sinjai,1619.19791,1619.19791,1619.19791,1619.19791,1619.19791,1619.19791,1619.19791,1619.19791,1619.19791
Kalimantan Barat,Sintang,914.3661461,914.3661461,914.3661461,914.3661461,914.3661461,914.3661461,914.3661461,1046.715443,914.3661461
Jawa Timur,Situbondo,37.69316483,37.69316483,37.69316483,37.69316483,37.69316483,37.69316483,0,37.69316483,37.69316483
Daerah Istimewa Yogyakarta,Sleman,0,0,0,83.226017,0,83.226017,0,83.226017,0
Sumatera Barat,Solok,0,0,0,0,0,0,0,0,0
Sumatera Barat,Solok Selatan,0,0,0,0,0,0,0,0,0
Sulawesi Selatan,Soppeng,326.2225819,326.2225819,326.2225819,326.2225819,326.2225819,326.2225819,326.2225819,326.2225819,326.2225819
Papua Barat,Sorong,1956.079926,1956.079926,1956.079926,1956.079926,1956.079926,1956.079926,1956.079926,1956.079926,1956.079926
Papua Barat,Sorong Selatan,1286.814835,1565.658157,1565.658157,1565.658157,1565.658157,1565.658157,1286.814835,1565.658157,1565.658157
Jawa Tengah,Sragen,0,0,0,0,0,0,0,0,0
Jawa Barat,Subang,5979.163939,5979.163939,5979.163939,6010.219709,158.8853321,6010.219709,5979.163939,6107.040638,158.8853321
Jawa Barat,Sukabumi,470.4057388,470.4057388,232.9586105,470.4057388,470.4057388,470.4057388,232.9586105,470.4057388,470.4057388
Kalimantan Tengah,Sukamara,40.60552979,40.60552979,0,40.60552979,40.60552979,40.60552979,0,40.60552979,40.60552979
Jawa Tengah,Sukoharjo,0,0,0,0,0,0,0,0,0
Nusa Tenggara Timur,Sumba Barat,405.2424164,405.2424164,0,405.2424164,405.2424164,405.2424164,405.2424164,405.2424164,405.2424164
Nusa Tenggara Timur,Sumba Barat Daya,0,0,0,0,0,0,0,0,0
Nusa Tenggara Timur,Sumba Tengah,0,0,0,0,0,0,0,0,0
Nusa Tenggara Timur,Sumba Timur,271.4188232,271.4188232,0,271.4188232,271.4188232,271.4188232,271.4188232,271.4188232,271.4188232
Nusa Tenggara Barat,Sumbawa,0,0,0,0,0,0,0,0,0
Nusa Tenggara Barat,Sumbawa Barat,0,0,0,0,0,0,0,0,0
Jawa Barat,Sumedang,54.80737305,54.80737305,54.80737305,112.1122665,54.80737305,54.80737305,54.80737305,112.1122665,54.80737305
Jawa Timur,Sumenep,0,0,0,0,0,0,0,48.40604019,0
Papua,Supiori,62.2870966,62.2870966,62.2870966,62.2870966,62.2870966,62.2870966,62.2870966,62.2870966,62.2870966
Kalimantan Selatan,Tabalong,433.8163304,433.8163304,433.8163304,467.9335732,433.8163304,433.8163304,417.8384824,483.4442716,433.8163304
Bali,Tabanan,0,0,0,0,0,0,0,0,0
Sulawesi Selatan,Takalar,1028.287806,1028.287806,1028.287806,1028.287806,1028.287806,1028.287806,1028.287806,1028.287806,1028.287806
Papua Barat,Tambrauw,60.73020554,60.73020554,60.73020554,60.73020554,60.73020554,60.73020554,60.73020554,60.73020554,60.73020554
Kalimantan Utara,Tana Tidung,13.17192745,13.17192745,13.17192745,13.17192745,13.17192745,13.17192745,13.17192745,13.17192745,13.17192745
Sulawesi Selatan,Tana Toraja,186.6293793,186.6293793,186.6293793,186.6293793,186.6293793,186.6293793,186.6293793,186.6293793,186.6293793
Kalimantan Selatan,Tanah Bumbu,35.03536034,35.03536034,35.03536034,63.78089905,35.03536034,35.03536034,35.03536034,95.61815643,35.03536034
Sumatera Barat,Tanah Datar,123.1916323,123.1916323,123.1916323,123.1916323,123.1916323,123.1916323,123.1916323,123.1916323,123.1916323
Kalimantan Selatan,Tanah Laut,0,0,0,0,0,0,0,0,0
Banten,Tangerang,0,14827.85678,0,15399.44799,0,14827.85678,0,15773.01419,0
Lampung,Tanggamus,1657.918659,1657.918659,1657.918659,1657.918659,1657.918659,1657.918659,1657.918659,1657.918659,1657.918659
Jambi,Tanjung Jabung Barat,888.0019531,947.6984787,888.0019531,1007.097462,947.6984787,947.6984787,888.0019531,1007.097462,947.6984787
Jambi,Tanjung Jabung Timur,495.2564259,495.2564259,495.2564259,495.2564259,495.2564259,495.2564259,495.2564259,495.2564259,495.2564259
Sumatera Utara,Tapanuli Selatan,219.4709206,279.7695618,219.4709206,279.7695618,279.7695618,279.7695618,219.4709206,279.7695618,279.7695618
Sumatera Utara,Tapanuli Tengah,296.9063454,1457.347881,296.9063454,1591.377289,1384.001499,1591.377289,296.9063454,1591.377289,1456.48373
Sumatera Utara,Tapanuli Utara,0,143.5511169,0,143.5511169,143.5511169,143.5511169,0,143.5511169,143.5511169
Kalimantan Selatan,Tapin,51.69441605,38.37255669,38.37255669,38.37255669,38.37255669,38.37255669,0,120.679965,38.37255669
Jawa Barat,Tasikmalaya,270.6612396,270.6612396,270.6612396,270.6612396,0,270.6612396,270.6612396,270.6612396,0
Jambi,Tebo,579.2883625,579.2883625,646.6119709,710.449995,646.6119709,646.6119709,579.2883625,788.2359219,646.6119709
Jawa Tengah,Tegal,5948.752153,5948.752153,0,5948.752153,5948.752153,5948.752153,0,5948.752153,5948.752153
Papua Barat,Teluk Bintuni,421.9990177,546.8455391,421.9990177,421.9990177,421.9990177,421.9990177,421.9990177,546.8455391,421.9990177
Papua Barat,Teluk Wondama,0,0,0,0,0,0,0,0,0
Jawa Tengah,Temanggung,0,0,0,0,0,0,0,0,0
Nusa Tenggara Timur,Timor Tengah Selatan,0,777.0299377,0,777.0299377,777.0299377,777.0299377,0,777.0299377,0
Nusa Tenggara Timur,Timor Tengah Utara,841.3166199,841.3166199,0,841.3166199,841.3166199,841.3166199,0,841.3166199,841.3166199
Sumatera Utara,Toba Samosir,0,1313.150595,0,1313.150595,1313.150595,1313.150595,0,1313.150595,1313.150595
Sulawesi Tengah,Tojo Una-Una,0,0,0,0,0,0,0,0,0
Sulawesi Tengah,Toli-Toli,227.2155533,227.2155533,227.2155533,227.2155533,227.2155533,227.2155533,227.2155533,227.2155533,227.2155533
Papua,Tolikara,0,0,0,0,0,0,0,0,0
Sulawesi Selatan,Toraja Utara,166.5585938,166.5585938,166.5585938,166.5585938,166.5585938,166.5585938,166.5585938,166.5585938,166.5585938
Jawa Timur,Trenggalek,1200.273317,1172.930414,1172.930414,1200.273317,1172.930414,1172.930414,1147.357597,1243.928778,1172.930414
Jawa Timur,Tuban,2037.624765,2079.704939,1961.558336,2152.20072,2037.624765,2116.990194,1961.558336,2331.825808,2037.624765
Lampung,Tulang Bawang Barat,0,0,0,0,0,0,0,0,0
Lampung,Tulangbawang,266.4164333,309.1170063,266.4164333,419.0259686,266.4164333,266.4164333,266.4164333,419.0259686,266.4164333
Jawa Timur,Tulungagung,2630.847082,2570.016029,2494.275833,2630.847082,2494.275833,2592.314024,2494.275833,3122.139915,2494.275833
Jawa Barat,Waduk Cirata,101.6447999,101.6447999,101.6447999,101.6447999,0,101.6447999,101.6447999,101.6447999,0
Jawa Tengah,Wadung Kedungombo,0,0,0,0,0,0,0,0,0
Sulawesi Selatan,Wajo,1326.347519,1326.347519,1326.347519,1326.347519,1326.347519,1326.347519,1326.347519,1326.347519,1326.347519
Sulawesi Tenggara,Wakatobi,0,0,0,0,0,0,0,0,0
Papua,Waropen,489.5087738,489.5087738,489.5087738,489.5087738,489.5087738,489.5087738,489.5087738,489.5087738,489.5087738
Lampung,Way Kanan,461.2169018,461.2169018,388.5676041,655.9037189,461.2169018,461.2169018,388.5676041,655.9037189,461.2169018
Jawa Tengah,Wonogiri,0,0,0,0,0,0,0,0,0
Jawa Tengah,Wonosobo,0,0,0,0,0,0,0,0,0
Papua,Yahukimo,1225.545425,1225.545425,1225.545425,1225.545425,1225.545425,1225.545425,1225.545425,1225.545425,1225.545425
Papua,Yalimo,0,0,0,0,0,0,0,0,0
